{"cameraMode":{"drawMode":0,"name":"Shaded","section":"Shading Mode"},"sceneLighting":true,"audioPlay":false,"sceneViewState":{"showFog":true,"showMaterialUpdate":false,"showSkybox":true,"showFlares":true,"showImageEffects":true,"showParticleSystems":true},"in2DMode":false,"pivot":{"x":4.277678966522217,"y":11.605704307556153,"z":-3.298555374145508},"rotation":{"x":0.43141770362854006,"y":-0.03381719812750816,"z":0.01618659496307373,"w":0.9013767838478088},"size":13.254690170288086,"orthographic":false}